{"cameraMode":{"drawMode":0,"name":"Shaded","section":"Shading Mode"},"sceneLighting":false,"audioPlay":false,"sceneViewState":{"m_AlwaysRefresh":false,"showFog":true,"showSkybox":false,"showFlares":true,"showImageEffects":true,"showParticleSystems":true,"showVisualEffectGraphs":true,"m_FxEnabled":true},"in2DMode":false,"pivot":{"x":0.7139480113983154,"y":1.5460460186004639,"z":0.5825188159942627},"rotation":{"x":-0.11273757368326187,"y":0.6810694336891174,"z":-0.10734867304563523,"w":-0.7154521942138672},"size":1.2247449159622193,"orthographic":false}