{"cameraMode":{"drawMode":0,"name":"Shaded","section":"Shading Mode"},"sceneLighting":false,"audioPlay":false,"sceneViewState":{"m_AlwaysRefresh":false,"showFog":true,"showSkybox":false,"showFlares":true,"showImageEffects":true,"showParticleSystems":true,"showVisualEffectGraphs":true,"m_FxEnabled":true},"in2DMode":false,"pivot":{"x":-0.6083086729049683,"y":0.49892476201057436,"z":0.8311002254486084},"rotation":{"x":0.0878148153424263,"y":0.8902883529663086,"z":-0.19422805309295655,"w":0.4023740291595459},"size":1.2247449159622193,"orthographic":false}