{"cameraMode":{"drawMode":0,"name":"Shaded","section":"Shading Mode"},"sceneLighting":false,"audioPlay":false,"sceneViewState":{"m_AlwaysRefresh":false,"showFog":true,"showSkybox":false,"showFlares":true,"showImageEffects":true,"showParticleSystems":true,"showVisualEffectGraphs":true,"m_FxEnabled":true},"in2DMode":false,"pivot":{"x":3.4684205055236818,"y":0.04197648912668228,"z":0.01132073812186718},"rotation":{"x":0.053046420216560367,"y":0.8056025505065918,"z":-0.07293429225683212,"w":0.5855113863945007},"size":3.2857906818389894,"orthographic":false}