{"cameraMode":{"drawMode":0,"name":"Shaded","section":"Shading Mode"},"sceneLighting":true,"audioPlay":false,"sceneViewState":{"m_AlwaysRefresh":false,"showFog":true,"showSkybox":true,"showFlares":true,"showImageEffects":true,"showParticleSystems":true,"showVisualEffectGraphs":true,"m_FxEnabled":true},"in2DMode":false,"pivot":{"x":-11.71329116821289,"y":4.8447651863098148,"z":-32.912208557128909},"rotation":{"x":-0.25604239106178286,"y":0.14347535371780396,"z":-0.03846469521522522,"w":-0.9551885724067688},"size":1.4159959554672242,"orthographic":false}